{
  "chi_square_test": {
    "n_samples": 3558,
    "n_bins": 10,
    "dof": 9,
    "chi2": 2285.1590781337827,
    "p_value": 0.0,
    "observed": [
      845,
      495,
      308,
      122,
      24,
      29,
      134,
      284,
      512,
      805
    ],
    "expected": [
      355.8,
      355.8,
      355.8,
      355.8,
      355.8,
      355.8,
      355.8,
      355.8,
      355.8,
      355.8
    ],
    "bin_edges": [
      0.0,
      0.1,
      0.2,
      0.30000000000000004,
      0.4,
      0.5,
      0.6000000000000001,
      0.7000000000000001,
      0.8,
      0.9,
      1.0
    ]
  },
  "distribution": {
    "near_zero": 845,
    "near_one": 805,
    "near_half": 53,
    "middle": 1908,
    "enrichment_integers": 2.318718381112985,
    "depletion_half_integer": 0.07448004496908375
  },
  "by_decay_mode": {
    "EC": {
      "n_samples": 112,
      "chi2": 80.14285714285715,
      "p_value": 1.513900762390959e-13
    },
    "alpha": {
      "n_samples": 596,
      "chi2": 451.3489932885906,
      "p_value": 1.476092587886458e-91
    },
    "beta_minus": {
      "n_samples": 1424,
      "chi2": 873.4719101123594,
      "p_value": 3.210651205310951e-182
    },
    "beta_plus": {
      "n_samples": 1008,
      "chi2": 676.2261904761905,
      "p_value": 8.911006492012158e-140
    },
    "fission": {
      "n_samples": 65,
      "chi2": 53.61538461538461,
      "p_value": 2.2337782675422766e-08
    },
    "proton": {
      "n_samples": 122,
      "chi2": 78.49180327868854,
      "p_value": 3.219615338010587e-13
    },
    "unknown": {
      "n_samples": 185,
      "chi2": 86.4054054054054,
      "p_value": 8.545251101988738e-15
    }
  }
}