{
  "families": {
    "A": {
      "name": "A",
      "c1_0": 2.723646636706504,
      "c2_0": 0.016183536370880998,
      "c3_0": -7.049092503371602,
      "dc1": -0.07395370841913977,
      "dc2": 0.011801461515921114,
      "dc3": -0.7992833250978897
    },
    "B": {
      "name": "B",
      "c1_0": 2.711268639990155,
      "c2_0": 0.034240615818680036,
      "c3_0": -6.926759184858059,
      "dc1": -0.08402878333723995,
      "dc2": 0.012138689089784375,
      "dc3": -0.8029410191952566
    },
    "C": {
      "name": "C",
      "c1_0": 2.7976969553336066,
      "c2_0": 0.010725374223409707,
      "c3_0": -7.078472637919401,
      "dc1": -0.08560252309338802,
      "dc2": 0.013611959432958998,
      "dc3": -0.8246018490799949
    }
  },
  "diagnostics": {
    "n_families": 3,
    "n_training": 337,
    "families": {
      "A": {
        "chi2": 35.976841455058675,
        "chi2_reduced": 0.10869136391256397,
        "rmse": 0.32673568231538,
        "n_data": 337,
        "n_params": 6,
        "residuals_mean": 1.2961230374501136e-09,
        "residuals_std": 0.32673568231538,
        "residuals_max": 0.5986395269472098,
        "converged": true,
        "iterations": 168,
        "param_errors": {
          "c1_0": 0.031168993795418282,
          "c2_0": 0.005347207928385221,
          "c3_0": 0.13112214534932806,
          "dc1": 0.003932956378238141,
          "dc2": 0.0006292285122304546,
          "dc3": 0.023704538601415453
        }
      },
      "B": {
        "chi2": 47.41883140482247,
        "chi2_reduced": 0.14325930938012832,
        "rmse": 0.37511158144028356,
        "n_data": 337,
        "n_params": 6,
        "residuals_mean": 5.848271026702092e-11,
        "residuals_std": 0.37511158144028356,
        "residuals_max": 0.6923876299279677,
        "converged": true,
        "iterations": 49,
        "param_errors": {
          "c1_0": 0.028329476345013965,
          "c2_0": 0.005033321444032623,
          "c3_0": 0.12651513995791505,
          "dc1": 0.0011374122216067384,
          "dc2": 2.4702433271690528e-06,
          "dc3": 0.021912419795731823
        }
      },
      "C": {
        "chi2": 40.37607177810504,
        "chi2_reduced": 0.12198208996406358,
        "rmse": 0.3461362477582796,
        "n_data": 337,
        "n_params": 6,
        "residuals_mean": 2.5902447503737498e-08,
        "residuals_std": 0.34613624775827867,
        "residuals_max": 0.6532579984228875,
        "converged": true,
        "iterations": 113,
        "param_errors": {
          "c1_0": 0.030180783470323568,
          "c2_0": 0.005390869748583097,
          "c3_0": 0.12277588131003811,
          "dc1": 0.00018357992111067212,
          "dc2": 0.00018359240947206506,
          "dc3": 0.015189140329721434
        }
      }
    }
  }
}